prompt,generated_text
Fears for T N pension after talks Unions represent,"Fears for T N pension after talks Unions represent about 50 per cent of the workforce, at the first anniversary of the end of public sector pensions in 2001, according to the National Union of Teachers"
The Race is On: Second Private Team Sets Launch Da,"The Race is On: Second Private Team Sets Launch Da Capo on Wednesday.

There will be the Team Da Capo Race with the official opening ceremony.

Follow The Trace on Twitter"
Ky. Company Wins Grant to Study Peptides (AP) AP -,"Ky. Company Wins Grant to Study Peptides (AP) AP - June 5, 2014

""A new group of scientists has successfully combined data gathered by UMass Amherst researchers to"
Prediction Unit Helps Forecast Wildfires (AP) AP -,Prediction Unit Helps Forecast Wildfires (AP) AP - A Forecast of A National High Performance Region with Weather and Climate Prediction System (WPCS) AP - Weather and climate forecasts
Calif. Aims to Limit Farm-Related Smog (AP) AP - S,Calif. Aims to Limit Farm-Related Smog (AP) AP - S. 1036-A (11/15/2013). A House committee approved a bill requiring that all farm equipment
Open Letter Against British Copyright Indoctrinati,"Open Letter Against British Copyright Indoctrinati

We do like you to read that we're looking to protect your rights on this page, which is where the book is written and where the author"
"Loosing the War on Terrorism \\""Sven Jaschan, self","Loosing the War on Terrorism \\""Sven Jaschan, self defense: ""Our time is passing by and in the words of American military historian William T. Olyphant: ""What this"
"FOAFKey: FOAF, PGP, Key Distribution, and Bloom Fi","FOAFKey: FOAF, PGP, Key Distribution, and Bloom Fi

OpenCSP

OpenCSP supports the following operating systems:

Windows XP

Windows Vista"
E-mail scam targets police chief Wiltshire Police ,"E-mail scam targets police chief Wiltshire Police  to create a ""bustle"" for the police agency and take over the agency that is being targeted by the scam.  The"
"Card fraud unit nets 36,000 cards In its first two","Card fraud unit nets 36,000 cards In its first two years of operations, FDC had lost about $10 million from one scam to another. A 2012 report commissioned by the federal government described the"
Group to Propose New High-Speed Wireless Format  L,Group to Propose New High-Speed Wireless Format  LHC-X1867 (ProX 0.13-0.28) with 802.11n (with 3G). ________________________________________________________________
"Apple Launches Graphics Software, Video Bundle  LO","Apple Launches Graphics Software, Video Bundle  LOAD-DATE: 01/22/2003 PORT: 2140 PRODUCTS: Computer products, video bundles, Internet downloads LOAD-TIME"
Dutch Retailer Beats Apple to Local Download Marke,"Dutch Retailer Beats Apple to Local Download Markeys from Retailers

Sporting Apple also wants residents to pay £100 and £200 in local taxes at a rate of 6% over the"
Super ant colony hits Australia A giant 100km colo,"Super ant colony hits Australia A giant 100km colo moth can invade a home after the colony was hit by two large ant bites, leaving it struggling on a ladder. AFP PHOTO / ROBERT K"
"Socialites unite dolphin groups Dolphin groups, or","Socialites unite dolphin groups Dolphin groups, or dolphin groups working together on dolphin projects as part of an organization.

Dolphin groups together are the two most widely-used dolphin name for this community"
Teenage T. rex's monster growth Tyrannosaurus rex ,"Teenage T. rex's monster growth Tyrannosaurus rex ???????

Tristram - A short form of Trampoline Monster (T. rex's monster growth Tyrannosaurus re"
Scientists Discover Ganymede has a Lumpy Interior ,"Scientists Discover Ganymede has a Lumpy Interior  which gives it a great amount of surface area. If you'd like to learn more about the Ganymede's interior, here"
Mars Rovers Relay Images Through Mars Express Euro,"Mars Rovers Relay Images Through Mars Express Eurovision Song Contest

The BBC and TV channel Eurovision can confirm that a live performance of a song from Portugal by London's Superbowl band will"
Rocking the Cradle of Life When did life begin? On,"Rocking the Cradle of Life When did life begin? On a very short date, in the year before the time of St. Thomas, about 1540. As he went through the time between"
"Storage, servers bruise HP earnings update Earning","Storage, servers bruise HP earnings update Earning an award that includes 3,200% of the HP XP earned on each mission is an achievement to be shared among friends.


- Fixed several"
IBM to hire even more new workers By the end of th,"IBM to hire even more new workers By the end of thirteenth century, the most important market was the German port, which was occupied by the Italian nobility. Because of the power of the"
Sun's Looking Glass Provides 3D View Developers ge,Sun's Looking Glass Provides 3D View Developers georgia's 3d world map and more! georgia/3d-world-map View 3.0 v3 View 3.1
IBM Chips May Someday Heal Themselves New technolo,IBM Chips May Someday Heal Themselves New technoloobbies (or new people who've already learned the hard way to use and make a decent living on your chip in one way or another
Some People Not Eligible to Get in on Google IPO G,"Some People Not Eligible to Get in on Google IPO Gee, what's to the point? And so, before you go buying Google you will want to take the time to look around your local"
Rivals Try to Turn Tables on Charles Schwab By MIC,"Rivals Try to Turn Tables on Charles Schwab By MICHAEL BECKER The Financial Times 11 October 2006

The New School-Centric Tax, a New Generation Tax and a New Way"
News: Sluggish movement on power grid cyber securi,"News: Sluggish movement on power grid cyber securi­tures new path to global health by Edward Snowden

The United States began taking active measures to try to prevent the spread of cybernetic"
Giddy Phelps Touches Gold for First Time Michael P,"Giddy Phelps Touches Gold for First Time Michael Piller 2/14 Phelps reacts after he's awarded the gold at the 2015 Missy Chase in Lake County, Fla. Phelps would have earned a"
Tougher rules won't soften Law's game FOXBOROUGH -,Tougher rules won't soften Law's game FOXBOROUGH - A Florida man will get a second chance to get his chance from the law firm that helped convict him six months ago of driving
Shoppach doesn't appear ready to hit the next leve,"Shoppach doesn't appear ready to hit the next levee, but looks set to win more than $1 million last year.

The former star of the hit sitcom ""The Big Le"
Mighty Ortiz makes sure Sox can rest easy Just ima,"Mighty Ortiz makes sure Sox can rest easy Just ima love him and his work..

4) Mike Moustakas makes sure you're getting from right to left Even if your team"
